id,comments,shares,posted_by,music_author,music_title,likes
7527393407988223254,0,0,TECH Global University,TECH Global University,original sound - TECH Global University,0
7527028445981773078,0,0,TECH Global University,TECH Global University,original sound - TECH Global University,1
7525910915590540566,0,0,TECH Global University,TECH Global University,original sound - TECH Global University,2
7525909035502128406,0,0,TECH Global University,TECH Global University,original sound - TECH Global University,0
7524360097049431318,0,0,TECH Global University,TECH Global University,sonido original - TECH Global University,1
7522935785650228502,0,0,TECH Global University,TECH Global University,sonido original - TECH Global University,1
7467613173235944726,0,1,TECH Global University,TECH Global University,sonido original,2220
7394856989056044320,0,0,TECH Global University,TECH Global University,sonido original,2261
7385513596035419424,1,5,TECH Global University,TECH Global University,sonido original,2270
7335483821728501025,0,3,TECH Global University,TECH Global University,sonido original,2278
7332520730904644896,1,1,TECH Global University,TECH Global University,sonido original,2195
7299183873848528160,0,0,TECH Global University,TECH Global University,sonido original,2192
7291328669115632929,0,2,TECH Global University,TECH Global University,sonido original,2221
7247207654655823131,0,3,TECH Global University,TECH Global University,sonido original,2218
7231632726250491163,0,2,TECH Global University,TECH Global University,sonido original,2235
7216767606961851653,0,0,TECH Global University,TECH Global University,sonido original,2242
7213408099032452358,3,8,TECH Global University,TECH Global University,sonido original,2263
7509073556714654993,72,531,Äáº¡i há»c HUTECH,Äáº¡i há»c HUTECH,nháº¡c ná»n - Äáº¡i há»c HUTECH,5477
7460411334010670343,153,887,Äáº¡i há»c HUTECH,ÄÃ´ Tá»‘c Äá»™,nháº¡c ná»n - ÄÃ´ Tá»‘c Äá»™,16300
7385094540371315986,48,329,Äáº¡i há»c HUTECH,Äáº¡i há»c HUTECH,nháº¡c ná»n - Äáº¡i há»c HUTECH,6835
7527945873754443029,0,0,Äáº¡i há»c HUTECH,PeriTune,Happy & Pop songs,17
7527876162064747797,2,2,Äáº¡i há»c HUTECH,Äáº¡i há»c HUTECH,nháº¡c ná»n - Äáº¡i há»c HUTECH,30
7527640589723045141,1,1,Äáº¡i há»c HUTECH,Äáº¡i há»c HUTECH,nháº¡c ná»n - Äáº¡i há»c HUTECH,32
7527638969782144277,0,4,Äáº¡i há»c HUTECH,Äáº¡i há»c HUTECH,nháº¡c ná»n - Äáº¡i há»c HUTECH,87
7527529708716641554,9,9,Äáº¡i há»c HUTECH,Äáº¡i há»c HUTECH,nháº¡c ná»n - Äáº¡i há»c HUTECH,92
7527196756686163220,2,3,Äáº¡i há»c HUTECH,Äáº¡i há»c HUTECH,nháº¡c ná»n - Äáº¡i há»c HUTECH,65
7526791276251860244,0,2,Äáº¡i há»c HUTECH,Äáº¡i há»c HUTECH,nháº¡c ná»n - Äáº¡i há»c HUTECH,13
7526787953847323925,2,20,Äáº¡i há»c HUTECH,@åƒå¤œ,åŸè² - @åƒå¤œ,201
7526788750886620436,2,5,Äáº¡i há»c HUTECH,Äáº¡i há»c HUTECH,nháº¡c ná»n - Äáº¡i há»c HUTECH,85
7526787144216612103,0,0,Äáº¡i há»c HUTECH,PeriTune,Happy & Pop songs,15
7526542980665167105,3,0,Äáº¡i há»c HUTECH,PeriTune,Happy & Pop songs,15
7526413848643964181,0,1,Äáº¡i há»c HUTECH,Äáº¡i há»c HUTECH,nháº¡c ná»n - Äáº¡i há»c HUTECH,23
7526124953897291029,2,12,Äáº¡i há»c HUTECH,PeriTune,Happy & Pop songs,98
7526119617148800276,5,7,Äáº¡i há»c HUTECH,PeriTune,Happy & Pop songs,109
7526122849891880213,3,20,Äáº¡i há»c HUTECH,PeriTune,Happy & Pop songs,51
7526124818232560904,0,4,Äáº¡i há»c HUTECH,Äáº¡i há»c HUTECH,nháº¡c ná»n - Äáº¡i há»c HUTECH,34
7525815670517402900,1,12,Äáº¡i há»c HUTECH,Äáº¡i há»c HUTECH,nháº¡c ná»n - Äáº¡i há»c HUTECH,279
7524898555220200724,4,6,Äáº¡i há»c HUTECH,Äáº¡i há»c HUTECH,nháº¡c ná»n - Äáº¡i há»c HUTECH,96
7524231921832840465,6,15,Äáº¡i há»c HUTECH,Äáº¡i há»c HUTECH,nháº¡c ná»n - Äáº¡i há»c HUTECH,508
7524144811130096914,1,2,Äáº¡i há»c HUTECH,Äáº¡i há»c HUTECH,nháº¡c ná»n - Äáº¡i há»c HUTECH,77
7524143601295658257,0,0,Äáº¡i há»c HUTECH,PeriTune,Happy & Pop songs,64
7523792800228412689,1,2,Äáº¡i há»c HUTECH,Äáº¡i há»c HUTECH,nháº¡c ná»n - Äáº¡i há»c HUTECH,45
7523563679959239937,0,6,Äáº¡i há»c HUTECH,PeriTune,Happy & Pop songs,110
7522655894681750804,12,108,Äáº¡i há»c HUTECH,Äáº¡i há»c HUTECH,nháº¡c ná»n - Äáº¡i há»c HUTECH,884
7522782667780230418,154,6771,Äáº¡i há»c HUTECH,Äáº¡i há»c HUTECH,nháº¡c ná»n - Äáº¡i há»c HUTECH,3238
7522494505732328724,25,251,Äáº¡i há»c HUTECH,PeriTune,Happy & Pop songs,1848
7522339276193844498,6,242,Äáº¡i há»c HUTECH,Äáº¡i há»c HUTECH,nháº¡c ná»n - Äáº¡i há»c HUTECH,1727
7522031345699278096,6,92,Äáº¡i há»c HUTECH,Äáº¡i há»c HUTECH,nháº¡c ná»n - Äáº¡i há»c HUTECH,640
7521730833691020564,4,133,Äáº¡i há»c HUTECH,Äáº¡i há»c HUTECH,nháº¡c ná»n - Äáº¡i há»c HUTECH,1423
7522011516313275668,2,60,Äáº¡i há»c HUTECH,Äáº¡i há»c HUTECH,nháº¡c ná»n - Äáº¡i há»c HUTECH,409
7521728960871337237,2,65,Äáº¡i há»c HUTECH,Äáº¡i há»c HUTECH,nháº¡c ná»n - Äáº¡i há»c HUTECH,1355
7521728707782872340,12,135,Äáº¡i há»c HUTECH,Äáº¡i há»c HUTECH,nháº¡c ná»n - Äáº¡i há»c HUTECH,1384
7521730288024669461,1,5,Äáº¡i há»c HUTECH,Ã¼bermensch,GDRAGON TAKE ME,184
7520844412973370645,32,125,Äáº¡i há»c HUTECH,Äáº¡i há»c HUTECH,original sound - Äáº¡i há»c HUTECH,480
7520842501553458440,4,12,Äáº¡i há»c HUTECH,PeriTune,Happy & Pop songs,190
7382650991939800325,1149,3821,University Students,khairuddin_Barech,original sound - ARMANğŸ–¤,42000
7468363283519507719,1060,1999,University Students,ğŸ”¥ KHAWAR ğŸ”¥,original sound,39000
7428999800932027666,802,1413,University Students,Silver Bhai,original sound,17900
7509541498082348295,112,338,University Students,ğŸ‡¨ğŸ‡¦ğŸ¦Ù¾Ù†Ø¬Ø§Ø¨ÛŒğŸ‘‘ğŸ‘‘,original sound,2950
7503969510286839048,37,55,University Students,ğŸ‡¨ğŸ‡¦ğŸ¦Ù¾Ù†Ø¬Ø§Ø¨ÛŒğŸ‘‘ğŸ‘‘,original sound,661
7483202567984401671,30,18,University Students,Akash Khan,original sound,506
7475397397695302930,23,35,University Students,OFFICIAL IJAZ SHAH ğŸ‡µğŸ‡°,original sound,573
7473923124644367624,69,122,University Students,ğŸ‘‘Ù…Ù€Ù€Ù€Ù„Ù†Ú¯ Ø¬Ù€Ù€Ø§Ù† Ù¹Ø§Ø¦Ù€Ù€Ù€Ù¾Ø³Ù¹ ğŸ‘‘,original sound,1644
7469479721198259463,48,56,University Students,Dropout Mushahid,original sound,672
7469089313645399314,37,63,University Students,ğŸ”¥SaHaBğŸ”¥,original sound,662
7463159350559919367,89,127,University Students,ğ™ğ™ğ™ ğ™–Ù†ğ™™ğ™–ğ™§ ğŸ”¥,original sound,1307
7453472075953638674,19,13,University Students,BOLLYWOOD,original sound,439
7452396897467206919,23,24,University Students,AftabğŸ¥±,original sound,390
7452043839033838855,59,97,University Students,Sunny RajğŸ‘¿,original sound,1069
7451646749522873607,34,33,University Students,Sunny RajğŸ‘¿,original sound,396
7448319074053950727,34,43,University Students,Sunny RajğŸ‘¿,original sound,577
7446816399495908615,47,43,University Students,ğŸ”¥ KHAWAR ğŸ”¥,original sound,769
7446071240755825938,19,20,University Students,ğŸ”¥SaHaBğŸ”¥,original sound,283
7443852071910034706,30,40,University Students,rajaumi100,original sound,687
7442344594416766226,41,53,University Students,OFFICIAL IJAZ SHAH ğŸ‡µğŸ‡°,original sound,691
7440499623401196808,28,19,University Students,leezayyyyyğŸŒ·ğŸ’Œ,original sound,347
7439780252202700050,42,55,University Students,â‚³Ã£iÃ±nÃ£,original sound,684
7437908428304944391,23,19,University Students,OFFICIAL IJAZ SHAH ğŸ‡µğŸ‡°,original sound,476
7437543211758914834,19,14,University Students,à¤¦ Harkey,original sound,346
7436813215142546695,23,35,University Students,ğŸ”¥SaEeNğŸ”¥,original sound,412
7435311648467914002,14,19,University Students,GOONGROO,original sound,383
7434204906266823943,10,27,University Students,OFFICIAL IJAZ SHAH ğŸ‡µğŸ‡°,original sound,437
7433077743060815122,317,434,University Students,Sunny RajğŸ‘¿,original sound,7222
7432344025971150088,78,81,University Students,Bilal Khan Gondal,original sound,1256
7429766619116670226,28,48,University Students,ğŸ”¥SaHaBğŸ”¥,original sound,641
7427522016233753863,27,44,University Students,OFFICIAL IJAZ SHAH ğŸ‡µğŸ‡°,original sound,757
7424557749431799048,15,18,University Students,ğ’ğ€ÛŒğ€ğƒğŸ,SpVibes7,578
7418255988605701383,54,112,University Students,rajaumi100,original sound,1469
7416021544721190162,42,39,University Students,Hadia and Yousaf,original sound,854
7414169015888661766,20,17,University Students,ğŸ‘‘dulhay_raja1â¤,original sound,435
7410835981554814215,41,16,University Students,ğ˜¼ğ™˜ğ™˜ğ™¤ğ™ªğ™£ğ™© ğ™ğ™–ğ™¡ğ™š ğŸ¥º,original sound,617
7522131373683985671,28,11,Mahi,Mahi,original sound,634
7521726797256412423,25,9,Mahi,Filmy Paana,original sound,410
7527693351529860360,9,11,Mahi,Aditya Rikhari,Sahiba,186
7527311081782447367,12,1,Mahi,Subodh KC,Ma Haraye,533
7526998578623958290,19,34,Mahi,SUMEE,Guras Nani Version,2881
7526935484732362002,18,26,Mahi,JK Musix,ASHAYEN,500
7526613107293179154,41,10,Mahi,Kobid Bazra & Bikesh Bazra & Deepson Putuwar,Priya Phool,1154
7526420771464334600,56,9,Mahi,Mahi,original sound,1037
7525860367780678930,9,17,Mahi,Nepali Movie Promotion,original sound,304
7525431146922937608,13,0,Mahi,ANU,FLYï¼ˆæ­£å¼ç‰ˆï¼‰,277
7525089815163833618,3,1,Mahi,borulife,original sound - borulife,132
7524719667592645896,7,5,Mahi,Mahi,original sound,118
7524665940307496199,6,2,Mahi,Neyaraf,Morning Routine,112
7524357406927932690,55,222,Mahi,PaperThinStudio,Happy Acoustic Traveling,3163
7524312860269284616,20,116,Mahi,earbrojp,Positive background music such as play and games(1251730),1766
7523982217656143111,13,9,Mahi,PaperThinStudio,Happy Acoustic Traveling,372
7523597447705234695,105,355,Mahi,prajinanax,mitho sapanaa,3496
7522860371951111442,20,7,Mahi,Mahi,original sound,113
7521780923612794119,314,4733,Mahi,Relaxing Piano Music Consort & Piano Love Songs & Relajante MÃºsica de Piano Oasis,Piano Tune,21300
7521372560890678535,38,12,Mahi,Fantomel,sunet original,846
7520997738708782343,50,6,Mahi,Mahi,original sound,655
7520644734663085319,791,1508,Mahi,Mahi,original sound,113200
7520604394996403463,33,3,Mahi,Sonu Nigam & Shreya Ghoshal & Vishal-Shekhar,"Main Agar Kahoon (From ""Om Shanti Om"")",926
7520229592230137095,68,403,Mahi,Sajjan Raj Vaidya,Aaundai chu ma maya..lina timilai,5435
7519909523230838034,55,7,Mahi,umesh joshi,original sound,992
7519867704010870023,307,407,Mahi,Mahi,original sound,64400
7518779994093554962,33,13,Mahi,Mahi,original sound,396
7518394972412972295,40,13,Mahi,ğŸ€ğŸ’œ,original sound,828
7518039956539870472,64,40,Mahi,Mahi,original sound,7469
7517679708373355783,22,8,Mahi,Sushant KC,original sound,641
7517253457754082578,25,79,Mahi,Mâ™¡,original sound,533
7516539835537001746,15,2,Mahi,KWmusic,Cute Piano,330
7516188716482776327,13,17,Mahi,Neyaraf,Morning Routine,526
7515731631898938632,14,4,Mahi,NATE,original sound,385
7515438218993585416,6,2,Mahi,earbrojp,Positive background music such as play and games(1251730),271
7519534657814154518,1,9,Uni tech,ÊšÄ­É,original sound,103
7519140025552882966,0,0,Uni tech,ğŸ‘ğŸğŸ‘ ğğ¨ğš.ğ–¥” İ,suara asli - ğŸ‘ğŸğŸ‘ ğğ¨ğš.ğ–¥” İ,11
7518800819127454998,21,1,Uni tech,ewan à°Œ,original sound,309
7490094899522489622,23,3,Uni tech,En Ä°yi Komikler,orijinal ses,400
7489890552813554966,0,0,Uni tech,Remember Monday,What The Hell Just Happened?,144
7483232777135983894,1,0,Uni tech,Motivease,original sound,59
7483056665269439766,0,0,Uni tech,Uni tech,original sound,43
7482735598516669719,0,2,Uni tech,Uni tech,original sound,330
7477284180263570690,0,0,Uni tech,Uni tech,original sound,11
7476804737560481046,0,1,Uni tech,Ogryzek,AURA,1
7441192809522269458,1,18,Students.clubs,Students.clubs,×¦×œ×™×œ ××§×•×¨×™,207
7442342294746975506,4,56,Students.clubs,Students.clubs,×¦×œ×™×œ ××§×•×¨×™,182
7444101362348002567,1,13,Students.clubs,Students.clubs,×¦×œ×™×œ ××§×•×¨×™,122
7525159233193544967,0,0,Students.clubs,Storage,original sound,14
7524346232341351698,25,920,Students.clubs,Students.clubs,×¦×œ×™×œ ××§×•×¨×™,1437
7521753576771718408,2,1,Students.clubs,×”×¡×“×¨×” ×”×›×™ ×™×©×¨××œ×™×ª ğŸ¬ğŸ¿,×¦×œ×™×œ ××§×•×¨×™,22
7519892537327258887,0,0,Students.clubs,Fantomel,GRR,21
7514927687631113480,0,2,Students.clubs,Students.clubs,×¦×œ×™×œ ××§×•×¨×™,14
7513569880411622674,0,16,Students.clubs,NEU SONG.,are you ready?,39
7512403352563617032,0,0,Students.clubs,mande.biton.official,×¦×œ×™×œ ××§×•×¨×™,35
7509850165356809479,3,2,Students.clubs,Students.clubs,×¦×œ×™×œ ××§×•×¨×™,32
7508756825332862226,0,1,Students.clubs,Students.clubs,×¦×œ×™×œ ××§×•×¨×™,23
7506442589378284808,1,0,Students.clubs,Students.clubs,original sound,12
7503938338626358535,6,134,Students.clubs,Ciara,Level Up,228
7503585895078071559,4,7,Students.clubs,Students.clubs,original sound,30
7501673391049542930,2,0,Students.clubs,Beachcrimes & Tia Tia,Elevator,13
7501312433626107144,3,2,Students.clubs,Ebeditelo,Ebeditelo,25
7500917020821638418,1,0,Students.clubs,ZOMBIE,headlock x jinx from arcane,23
7499424043179724050,17,149,Students.clubs,Students.clubs,×¦×œ×™×œ ××§×•×¨×™,412
7496497820149533959,1,0,Students.clubs,WZ Beat,Beat Automotivo Tan Tan Tan Viral,15
7496137163415751943,5,2,Students.clubs,Students.clubs,×¦×œ×™×œ ××§×•×¨×™,12
7493891597738855698,1,2,Students.clubs,Ù…ØµÙ…Ù… 3D,Ø§Ù„ØµÙˆØª Ø§Ù„Ø£ØµÙ„ÙŠ,15
7490180485793025287,2,22,Students.clubs,The Tractor's Revenge & Ohad Nahrin,××—×“ ××™ ×™×•×“×¢,53
7489093115345734930,0,0,Students.clubs,Shalby Hate U,original sound,11
7488381956791586066,1,3,Students.clubs,Students.clubs,×¦×œ×™×œ ××§×•×¨×™,70
7487563399975423239,6,562,Students.clubs,Students.clubs,×¦×œ×™×œ ××§×•×¨×™,200
7485759562037972242,0,12,Students.clubs,FETISH,Come Check This (Quickie Edit),14
7482754835096423687,0,5,Students.clubs,Students.clubs,×¦×œ×™×œ ××§×•×¨×™,21
7481309299860425991,0,0,Students.clubs,Students.clubs,×¦×œ×™×œ ××§×•×¨×™,7
7480562587143277842,3,7,Students.clubs,××™×¦×™×§ ××©×œ,××—×¨×•×–×ª ×¤×•×¨×™×,39
7477981963081633042,1,34,Students.clubs,Students.clubs,×¦×œ×™×œ ××§×•×¨×™,19
7477605090094877960,3,27,Students.clubs,Manchester Azadari ğŸª¬,original sound,109
7476121231599684871,23,441,Students.clubs,emmaspammm,original sound,1090
7475379768926539015,0,6,Students.clubs,Manu Chao,Me Gustas Tu - Sped Up Version,34
7473497460854279442,3,189,Students.clubs,Dolev & Aviv,original sound,329
7472379245587713298,154,6953,Students.clubs,Bri,original sound,21500
7470873767057706248,0,8,Students.clubs,jevanvlogs,original sound,18
7467534033874898183,97,6859,Students.clubs,× ×¡×¨×™×Ÿ ×§×“×¨×™,×œ× ×œ×¤× ×•×ª ××œ×™×™,14100
7515503118579191062,0,31,University Student,ï¿¶,for the first time,111
7507655716132424982,0,17,University Student,Remember Monday,What The Hell Just Happened?,315
7505905891007384854,0,25,University Student,Inspect,original sound,72
7503088253587705110,4,960,University Student,Color Clownies,Circus ,2749
7499399737938808086,0,34,University Student,SAD & Dj tahh,Everything In Its Right Place (Instrumental),182
7492914013886549270,1,3,University Student,rukia_,Originalton,51
7492872423289752854,1,11,University Student,ğŸ¥,prayer kendrick,42
7492828046504807702,0,19,University Student,Chief Green Screens,original sound,172
7491687311642496278,43,22200,University Student,Seraph,Ğ¾Ñ€Ğ¸Ğ³Ğ¸Ğ½Ğ°Ğ»ÑŒĞ½Ñ‹Ğ¹ Ğ·Ğ²ÑƒĞº - ğ”ğ”¦ğ”¶ğ”¬ğ”­ğ”¬ğ”«.ğ”£ğ”¦ğ”©ğ”ªğ”°,39900
7490131842851425558,0,21,University Student,ClaireSkellyy,original sound,133
7489723362143505686,2,371,University Student,Pá´‡á´€Ê€ÊŸ_ÊŸÊ™á´¢,original sound,1293
7489057133858802966,5,58,University Student,TheAudioSavant,original sound,120
7487548991794695446,9,8540,University Student,pz â™ª,som original,17700
7484564542769433878,3,1264,University Student,adam ğŸ”¨,welcome n goodbye,1916
7481951224116399382,0,129,University Student,SPAM LIKE = BLOCK,original sound,436
7480655709760130326,6,722,University Student,á´Šá´Ê€á´…á´€É´á´€á´œá´…Éªá´á´¢á´¢ ğŸ¦‹,Let me know,2160
7480116603082788118,0,26,University Student,alberto,som original,276
7479758260329860374,0,37,University Student,razâœ¯,original sound,170
7479428074107374870,0,19,University Student,En Ä°yi Komikler,orijinal ses,95
7477976051252055318,1,99,University Student,Rizzlander,Homelander Theme,251
7477148092479900950,2,313,University Student,wzrse,real.,672
7476827974885543170,2,74,University Student,Long Syrics,original sound - GrooveGenius,206
7476384413064973590,1,24,University Student,alberto,som original,128
7476003342821379350,5,255,University Student,SPAM LIKE = BLOCK,original sound,622
7475840811872079126,285,21800,University Student,Ğ¡ĞµÑ€Ğ³ĞµĞ¹ ĞŸÑ€Ğ¾ĞºĞ¾Ñ„ÑŒĞµĞ²,"(1938) Ğ Ğ¾Ğ¼ĞµĞ¾ Ğ¸ Ğ”Ğ¶ÑƒĞ»ÑŒĞµÑ‚Ñ‚Ğ° - Ğ¡Ñ†ĞµĞ½Ğ° II: No 13, Ğ¢Ğ°Ğ½ĞµÑ† Ñ€Ñ‹Ñ†Ğ°Ñ€ĞµĞ¹",104300
7475838698886581526,446,86200,University Student,Nature Sound Emporium,Bach - Cello Suite 1,354100
7474161243511622934,4,173,University Student,ClaireSkellyy,original sound,467
7473604135904873750,0,154,University Student,â€¦,lmk ê¨„,456
7473598346331016470,0,15,University Student,ğ‘ºğ’ğ’ğ’˜ğ’†ğ’…Â ğ‘ºğ’ğ’ğ’ˆğ’”,Beanie,118
7473597571055799574,0,16,University Student,â€,exit music,75
7473444877808897302,1,30,University Student,YZYLVR530,Never See Me Again,185
7473023411221056790,0,72,University Student,Fox,som original,303
7472391874666433814,559,101800,University Student,SPAM LIKE = BLOCK,original sound,294900
7472137911329230102,6,2366,University Student,ğŸ¥,prayer kendrick,6514
7471557742302366998,67,18200,University Student,ğŸ’¬,me and the birds slowed,37800
7493767524312567048,41,1020,theunitycouncil,theunitycouncil,original sound - theunitycouncil,3694
7493750289544023304,28,671,theunitycouncil,theunitycouncil,original sound - theunitycouncil,1469
7493749002492480786,7,120,theunitycouncil,theunitycouncil,original sound - theunitycouncil,196
7493745337660656904,6,250,theunitycouncil,theunitycouncil,original sound - theunitycouncil,78
7493744711929187592,16,45,theunitycouncil,theunitycouncil,original sound - theunitycouncil,85
7410609035403103495,0,10,theunitycouncil,ğŸ™ˆğŸ¥‘,Ø§Ù„ØµÙˆØª Ø§Ù„Ø£ØµÙ„ÙŠ,170
7406123216340667666,4,61,theunitycouncil,theunitycouncil,original sound - theunitycouncil,431
7393946035711659271,1,4,theunitycouncil,theunitycouncil,original sound - theunitycouncil,139
7386632020677381381,1,14,theunitycouncil,Fuse Adventures in Audio x Scott Langley,Stars Guide Us,382
7383345265622715656,0,19,theunitycouncil,theunitycouncil,original sound - theunitycouncil,128
7345332867876097282,1,10,theunitycouncil,theunitycouncil,original sound - theunitycouncil,215
7344219467762666753,28,214,theunitycouncil,theunitycouncil,original sound - theunitycouncil,2158
7334345065592032513,5,43,theunitycouncil,theunitycouncil,original sound - theunitycouncil,216
7327256706814102786,10,32,theunitycouncil,powerfulcoolboy,original sound,257
7293758468887006472,1,15,theunitycouncil,theunitycouncil,original sound - theunitycouncil,320
7274146127732100360,1,12,theunitycouncil,theunitycouncil,original sound - theunitycouncil,158
7265560825593744642,1,33,theunitycouncil,theunitycouncil,original sound - theunitycouncil,449
7258234292650724610,1,30,theunitycouncil,theunitycouncil,original sound - theunitycouncil,412
7228064678901976338,57,974,theunitycouncil,theunitycouncil,original sound - theunitycouncil,20500
7224480664983309569,8,36,theunitycouncil,Kuupachi,why so serious,684
7224141352798342402,14,52,theunitycouncil,,,2591
7214299800278256904,1,32,theunitycouncil,imsturdyyoungin,PRETTY BOY FLOW,288
7211360362568895751,1,25,theunitycouncil,echo,echo inside out cover,364
7209883568909192456,1,62,theunitycouncil,dhn,dancin,641
7208815006857563410,274,2286,theunitycouncil,theunitycouncil,original sound - theunitycouncil,60000
7192047397990665474,5,39,theunitycouncil,theunitycouncil,original sound - theunitycouncil,775
7183303515765361921,1,11,theunitycouncil,kpopvrycsâ·,im good,261
7172478155658218753,0,16,theunitycouncil,wwwwww.b_d,Ğ¾Ñ€Ğ¸Ğ³Ğ¸Ğ½Ğ°Ğ»ÑŒĞ½Ñ‹Ğ¹ Ğ·Ğ²ÑƒĞº - wwwwww.b_d,185
7153158561369967873,1,30,theunitycouncil,nate,nathan nakamura was here,317
7139090572488363266,5,17,theunitycouncil,minvekk,Ğ¾Ñ€Ğ¸Ğ³Ğ¸Ğ½Ğ°Ğ»ÑŒĞ½Ñ‹Ğ¹ Ğ·Ğ²ÑƒĞº,276
7138665950408133890,11,32,theunitycouncil,Austin Millz,Austin Millz Move Your Feet,1082
7129726633140915457,10,37,theunitycouncil,theunitycouncil,original sound - theunitycouncil,778
7123412971392470274,1,22,theunitycouncil,100 Thieves,original sound,296
7116367235043577089,0,17,theunitycouncil,coinyes,good time,274
7107450985550728449,2,7,theunitycouncil,theunitycouncil,original sound - theunitycouncil,182
7518658879098588424,1,1,HAU University Student Council,liv's audios,buttons,25
7454952818470882561,0,15,HAU University Student Council,HAU University Student Council,original sound - HAU University Student Council,38
7416703072048581906,1,10,HAU University Student Council,HAU University Student Council,original sound - HAU University Student Council,55
7415906821040311559,0,3,HAU University Student Council,Zild,Dekada â€˜70,18
7415805921181404434,0,0,HAU University Student Council,Yeng Constantino,Liwanag sa Dilim,22
7415804619374202130,0,1,HAU University Student Council,Rivermaya,Awit Ng Kabataan,11
7415797740879449351,0,0,HAU University Student Council,Ben&Ben & SB19,Kapangyarihan (feat. SB19),28
7413207188874857734,2,71,HAU University Student Council,HAU University Student Council,original sound - HAU University Student Council,150
7411784992998558977,0,0,HAU University Student Council,totowaaa2,original sound - totowaaa2,10
7407424480294817040,1,3,HAU University Student Council,HAU University Student Council,original sound - HAU University Student Council,39
7405209473926663441,0,4,HAU University Student Council,HAU University Student Council,original sound - HAU University Student Council,43
7378474993547595013,0,0,HAU University Student Council,Frankie Simone,Queer,42
7376617336033381637,0,2,HAU University Student Council,johanna,Born This Way Lady Gaga,116
7338437496339975429,1,2,HAU University Student Council,HAU University Student Council,original sound - HAU Student Council,70
7338308773993303297,0,19,HAU University Student Council,HAU University Student Council,original sound - HAU Student Council,377
7336550114858667270,2,10,HAU University Student Council,HAU University Student Council,original sound - HAU Student Council,136
7336507338943122693,0,1,HAU University Student Council,HAU University Student Council,original sound - HAU Student Council,28
7333229271860694278,3,5,HAU University Student Council,mrld,Ligaya,130
7332492222576856321,0,0,HAU University Student Council,HAU University Student Council,original sound - HAU UNIVERSITY STUDENT COUNCIL,57
7332413469700017413,5,7,HAU University Student Council,HAU University Student Council,original sound - HAU UNIVERSITY STUDENT COUNCIL,146
7331974537539587334,4,10,HAU University Student Council,HAU University Student Council,original sound - HAU UNIVERSITY STUDENT COUNCIL,38
7331724200622738694,2,11,HAU University Student Council,HAU University Student Council,original sound - HAU UNIVERSITY STUDENT COUNCIL,115
7331640761215175942,1,14,HAU University Student Council,HAU University Student Council,original sound - HAU UNIVERSITY STUDENT COUNCIL,111
7331344167697698054,3,9,HAU University Student Council,HAU University Student Council,original sound - HAU UNIVERSITY STUDENT COUNCIL,66
7330659863619439877,0,1,HAU University Student Council,Ben Viola,Presa Prinsesa,56
7330650990254886150,0,0,HAU University Student Council,Yeng Constantino,Jeepney Love Story,31
7327675867285474562,3,8,HAU University Student Council,HAU University Student Council,original sound - HAU UNIVERSITY STUDENT COUNCIL,41
7318390168690445573,1,0,HAU University Student Council,Healy After Dark,Isip,14
7317621229685427457,2,2,HAU University Student Council,HAU University Student Council,original sound - HAU UNIVERSITY STUDENT COUNCIL,33
7524607079823199496,0,0,Rizal Technological University,Rizal Technological University,original sound - Rizal Technological University,4
7524231523772550407,0,0,Rizal Technological University,Rizal Technological University,original sound - Rizal Technological University,6
7524230071511436551,0,0,Rizal Technological University,Rizal Technological University,original sound - Rizal Technological University,0
7520433725960654088,0,0,Rizal Technological University,Rizal Technological University,original sound - Rizal Technological University,21
7519056000016583944,0,0,Rizal Technological University,Rizal Technological University,original sound - Rizal Technological University,6
7517522028836965650,0,0,Rizal Technological University,Rizal Technological University,original sound - Rizal Technological University,1
7517519878325144840,0,0,Rizal Technological University,Rizal Technological University,original sound - Rizal Technological University,5
7517518972451867922,0,0,Rizal Technological University,Rizal Technological University,original sound - Rizal Technological University,7
7517517850668436754,0,0,Rizal Technological University,Rizal Technological University,original sound - Rizal Technological University,3
7517517333603159304,0,0,Rizal Technological University,Rizal Technological University,original sound - Rizal Technological University,1
7498832399451704598,0,0,University Council,HXRXKILLER,VOICES - Speed Up Version,10
7495613319345196310,0,0,University Council,å¹¸,ä¸­å­¦è–æ—¥è¨˜ åˆæ‹,9
7492227441763601686,0,1,University Council,University Council,original sound,8
7489537558922202390,2,1,University Council,University Council,original sound,11
7475498484854967574,0,0,University Council,University Council,original sound,9
7474752721199975702,0,0,University Council,University Council,original sound,9
7473669644134518038,0,0,University Council,Steven Solveig,Beautiful Nature,11
7461408927897488662,1,0,University Council,University Council,original sound,10
7459573203363564822,0,0,University Council,University Council,original sound,2
7454663284382289174,0,2,University Council,University Council,original sound,8
7449988149905722646,0,2,University Council,Bleachers,"Merry Christmas, Please Don't Call",31
7448191192036166934,0,0,University Council,neozilla,Christmas,10
7442883183357611297,0,0,University Council,University Council,original sound,9
7435471263222549792,0,0,University Council,University Council,original sound,9
7432596568286530848,0,0,University Council,Popolony,"Classical piano performance ""letter to parents""",10
7414371783798820129,1,0,University Council,University Council,original sound,15
7410631061517962528,0,0,University Council,Brand X Music,Into The Light,10
7409823547197050144,0,0,University Council,Imperial Orchestra,Tennessee_Imperial Orchestra,8
7409091215511145761,0,1,University Council,University Council,original sound,12
7401473956001140000,0,0,University Council,4 Soul Music Production,Indian Classical,8
7399787284586892576,0,0,University Council,cleanmindsounds,Cathedral,9
7394575222260665632,2,3,University Council,Lone Monk Orchestra & Boca Octavian,Wrath of God,9
7393711222614510880,2,0,University Council,Beethoven Consort,Classical Music,9
7391430988993252641,0,0,University Council,Electronics CO,La Marseillaise,46
7389720892965768480,1,0,University Council,University Council,original sound,11
7388802142263364896,0,0,University Council,University Council,original sound,10
7379592945541942560,0,0,University Council,University Council,original sound,10
7369822390450146592,0,1,University Council,University Council,original sound,10
7369809545507425568,0,1,University Council,University Council,original sound,10
7368636785515138336,0,1,University Council,Azwar,Emotional Love,14
7367920414233824545,0,0,University Council,Vioo Sound,Motivational,11
7363915189705624864,0,4,University Council,Braam Official,In the presence of Angels,9
7361618339921202465,0,0,University Council,University Council,original sound,11
7358209160653081889,1,0,University Council,University Council,original sound,17
7340360276979633440,0,0,University Council,TWO LANES,Distance,9
7527392661095959830,0,0,TECH Universidad,TECH Universidad,original sound - TECH Universidad,0
7527391229831630102,0,0,TECH Universidad,TECH Universidad,original sound - TECH Universidad,0
7527028402268933399,0,0,TECH Universidad,TECH Universidad,original sound - TECH Universidad,1
7525910401641434390,0,0,TECH Universidad,TECH Universidad,sonido original - TECH Universidad,0
7525908394620865814,0,0,TECH Universidad,TECH Universidad,sonido original - TECH Universidad,4
7524359107927657750,0,0,TECH Universidad,TECH Universidad,sonido original - TECH Universidad,1
7522933552464334102,0,0,TECH Universidad,TECH Universidad,sonido original - TECH Universidad,4
7467608757430783254,1,1,TECH Universidad,TECH Universidad,sonido original,2187
7393309710683819297,12,5,TECH Universidad,TECH Universidad,sonido original - TECH Universidad,4503
7385204218421939489,0,4,TECH Universidad,TECH Universidad,sonido original,32
7345892788652756256,3,2,TECH Universidad,TECH Universidad,sonido original,2265
7338420235919166753,6,9,TECH Universidad,TECH Universidad,sonido original,2295
7335482482457906465,4,18,TECH Universidad,TECH Universidad,sonido original,2246
7332524509922118944,0,7,TECH Universidad,TECH Universidad,sonido original,2251
7299183818332704033,6,16,TECH Universidad,TECH Universidad,sonido original,2240
7291327944058850592,2,12,TECH Universidad,TECH Universidad,sonido original,2256
7283162261089176865,1,2,TECH Universidad,Chris Alan Lee,Pumpkins,2275
7280553879526378784,4,7,TECH Universidad,Chris Alan Lee,Rockin,2246
7278345249225723168,3,4,TECH Universidad,"Queens Road, Fabian Graetz",FEEL THE GROOVE,2191
7268673269975272737,7,3,TECH Universidad,Tollan Kim,Aesthetic,52200
7265700301888425248,2,1,TECH Universidad,Danilo Stankovic,Pieces (Solo Piano Version),42200
7260073666275298587,0,0,TECH Universidad,Tangelene Bolton,Neon Bass,2256
7257158911541710106,0,1,TECH Universidad,"Queens Road, Fabian Graetz",FEEL THE GROOVE,10
7255302206423977242,0,7,TECH Universidad,Danilo Stankovic,Pieces (Solo Piano Version),53900
7252252042406890779,11,7,TECH Universidad,Danilo Stankovic,Pieces (Solo Piano Version),35000
7247207114576268571,0,1,TECH Universidad,TECH Universidad,sonido original,39200
7247044637490220315,8,2,TECH Universidad,TECH Universidad,sonido original,23300
7243744181871562011,0,1,TECH Universidad,TECH Universidad,sonido original,50000
7233784908722834714,0,6,TECH Universidad,TECH Universidad,sonido original,40000
7232284965747166490,2,3,TECH Universidad,TECH Universidad,sonido original,22
7231632330098494747,0,1,TECH Universidad,TECH Universidad,sonido original,14
7230564311670852890,7,1,TECH Universidad,TECH Universidad,sonido original,30000
7224153019313573147,7,10,TECH Universidad,TECH Universidad,sonido original,38700
7221811993290853637,0,4,TECH Universidad,TECH Universidad,sonido original,32
7219303488323423514,2,0,TECH Universidad,TECH Universidad,sonido original,8
7289020448904449312,9,174,TalTech University,TalTech University,original sound,1121
7208550369541049606,8,361,TalTech University,Justine Skye,Collide (more sped up),1769
7161741756311063813,13,80,TalTech University,Tariq & The Gregory Brothers & Recess Therapy,It's Corn,772
7526700063813389590,0,0,TalTech University,TalTech University,original sound,29
7526698865353870614,0,2,TalTech University,TalTech University,original sound,88
7526694833579199746,0,0,TalTech University,TalTech University,original sound,32
7526274566126128406,0,3,TalTech University,TalTech University,original sound,61
7521798778450349334,0,0,TalTech University,TalTech University,original sound,10
7521795013890592022,1,0,TalTech University,TalTech University,original sound,6
7521790664992918806,1,1,TalTech University,TalTech University,original sound,17
7521787991816441111,0,0,TalTech University,TalTech University,original sound,5
7521784960550702358,0,0,TalTech University,TalTech University,original sound,6
7521784617641282838,0,0,TalTech University,TalTech University,original sound,6
7514697242175868182,1,2,TalTech University,TalTech University,original sound,23
7513257563539000598,0,0,TalTech University,TalTech University,original sound,27
7513126226727341334,0,1,TalTech University,Milky Chance,Ok I Like It,72
7512803934369582358,0,4,TalTech University,TalTech University,original sound,49
7509840957769026838,1,1,TalTech University,TalTech University,original sound,30
7506529436951481622,0,15,TalTech University,TalTech University,original sound,85
7498278858035039510,0,10,TalTech University,TalTech University,original sound,73
7491957652159794454,1,95,TalTech University,TalTech University,original sound,172
7491300404605504790,0,4,TalTech University,TalTech University,original sound,19
7490846008419716375,0,0,TalTech University,TalTech University,original sound,14
7483121340870954262,0,2,TalTech University,TalTech University,original sound,23
7476037503133224214,0,4,TalTech University,TalTech University,original sound,12
7475468661638171926,0,4,TalTech University,TalTech University,original sound,20
7468012615021645078,0,2,TalTech University,TalTech University,original sound,55
7463148806071176470,6,49,TalTech University,TalTech University,original sound,128
7446784496483044630,0,2,TalTech University,TalTech University,original sound,32
7437206798488112406,1,4,TalTech University,TalTech University,original sound,74
7432312450839579937,1,2,TalTech University,PeriTune,Halloween ãƒ» cute horror song(191109),33
7421069144013032736,1,113,TalTech University,TalTech University,original sound,547
7420923053959318816,0,27,TalTech University,TalTech University,original sound,144
7420906652590804256,2,222,TalTech University,TalTech University,original sound,1778
7420752878286933281,0,96,TalTech University,TalTech University,original sound,351
7418891557786488097,2,21,TalTech University,TalTech University,original sound,89
7418210289214033185,4,136,TalTech University,TalTech University,original sound,644
7415986394633489696,1,120,TalTech University,TalTech University,original sound,230
7471550843968376072,1,3,NUC University Student Council,NUC University Student Council,original sound - NUC University Student Council,58
7464816148484279560,0,9,NUC University Student Council,KYARA,original sound,84
7461072789429095687,3,43,NUC University Student Council,Nelly Furtado,original sound,255
7453299059999149320,3,23,NUC University Student Council,NUC University Student Council,original sound - NUC University Student Council,79
7452909057205193992,12,339,NUC University Student Council,NUC University Student Council,original sound - NUC University Student Council,4983
7452700061198273810,3,18,NUC University Student Council,UV Express Playlist,original sound - UV Express Playlist,133
7377388258692517126,21,100,NUC University Student Council,NUC University Student Council,original sound - NUC University Student Council,6005
7334723781858053382,22,222,NUC University Student Council,NUC University Student Council,original sound - NUC University Student Council,3283
7333455738200739078,67,367,NUC University Student Council,cverlxys,enchanted,7125
7323232141276450053,1,9,NUC University Student Council,Wheeler,what was I made for? - Instrumental,249
7321366867954699525,59,243,NUC University Student Council,NUC University Student Council,original sound - NUC University Student Council,4605
7314693774893010182,10,56,NUC University Student Council,NUC University Student Council,original sound - University Student Council,1894
7440075026658774290,6179,15700,Techtomer University,Techtomer University,original sound - Techtomer University,163500
7412934295951576338,1376,9570,Techtomer University,Techtomer University,original sound - Techtomer University,39100
7397750683870579986,3539,7630,Techtomer University,Techtomer University,original sound - Techtomer University,66400
7521706755487911176,1,2,Techtomer University,1SALIK1,Special Forces,11
7521294185320762631,10,10,Techtomer University,Techtomer University,original sound - Techtomer University,85
7521241585380642066,1,0,Techtomer University,Techtomer University,original sound - Techtomer University,4
7520092715434953992,0,0,Techtomer University,Techtomer University,original sound - Techtomer University,2
7520070161253125383,0,0,Techtomer University,astroooğŸŒŠ,suara asli - Astroxâ„¢,1
7517887421481078024,0,0,Techtomer University,Techtomer University,original sound - Techtomer University,6
7517886434611694855,0,0,Techtomer University,Techtomer University,original sound - Techtomer University,3
7517882133680049426,0,0,Techtomer University,Techtomer University,original sound - Techtomer University,1
7517121665420021010,0,0,Techtomer University,ALIGN & Novet,Manifest (with Novet),0
7514340028319845650,0,0,Techtomer University,Techtomer University,original sound - Techtomer University,1
7513923104821742856,1,0,Techtomer University,Techtomer University,original sound - Techtomer University,6
7510807342053657863,0,0,Techtomer University,Techtomer University,original sound - Techtomer University,3
7510489380734209287,2,0,Techtomer University,Nakalness,BADBOY,3
7510151238617533714,5,9,Techtomer University,Techtomer University,original sound - Techtomer University,58
7507570583358491922,1,1,Techtomer University,orino,Vlog ãƒ» Stylish city pop(1275391),0
7506322761912995080,0,0,Techtomer University,astroooğŸŒŠ,suara asli - Astroxâ„¢,0
7503725374233152786,0,0,Techtomer University,CRISTELLE â™¥ï¸,PAG FEELING MO DESERVE MO,2
7502060727209938184,0,0,Techtomer University,orino,Vlog ãƒ» Stylish city pop(1275391),1
7498278248808271112,0,0,Techtomer University,â€¢margâ€¢,KITA MO BA TO DIBA ANG GANDA,4
7497623693590351122,2,0,Techtomer University,Ai Insights,original sound,10
7497566492016282888,0,0,Techtomer University,â€¢margâ€¢,ALAM KONG GUSTO MO RIN NETO,3
7497122392603364616,1,0,Techtomer University,orino,Vlog ãƒ» Stylish city pop(1275391),36
7496744830001958152,0,1,Techtomer University,orino,Vlog ãƒ» Stylish city pop(1275391),2
7496406747301580040,12,6,Techtomer University,orino,Vlog ãƒ» Stylish city pop(1275391),222
7495633926539578631,0,1,Techtomer University,SoLaTiDo,Suspenseful and tense orchestra(1318015),7
7494571890283990280,0,0,Techtomer University,SUNNY HOOD STUDIO,"vlog, chill out, calm daily life(1370843)",3
7494562459768982802,0,0,Techtomer University,table_1,vlog. TikTok. Chill hop.(1245459),1
7487847954397629701,2,0,Techtomer University,Techtomer University,original sound - Techtomer University,0
7485624197029301511,0,2,Techtomer University,takaya,"Suspense, horror, piano and music box",0
7485562404806462738,1,0,Techtomer University,orino,Vlog ãƒ» Stylish city pop(1275391),3
7484973773666471176,1,0,Techtomer University,â€¢margâ€¢,KITA MO BA TO DIBA ANG GANDA,4
7484535723471752456,3,0,Techtomer University,Techtomer University,original sound - Techtomer University,2
7483801663485037842,1,0,Techtomer University,orino,Vlog ãƒ» Stylish city pop(1275391),0
7482768370429938952,1,3,Techtomer University,Techtomer University,original sound - Techtomer University,14
7480526406288461073,1,0,Techtomer University,Techtomer University,original sound - Techtomer University,1
7061476147284036865,0,0,University4Society,University4Society,orijinal ses,1
7058202719860952321,0,0,University4Society,University4Society,orijinal ses,4
7047441559419194626,0,0,University4Society,University4Society,orijinal ses,2
7036379416603217154,0,0,University4Society,University4Society,orijinal ses,0
7035564790760180994,0,0,University4Society,University4Society,orijinal ses,5
7032243664650816769,0,0,University4Society,Ted Fresco,Sunny Day,3
7031878978931592450,0,0,University4Society,University4Society,orijinal ses,0
6956582294115093761,0,0,University4Society,University4Society,orijinal ses,2
6953671908516826370,0,0,University4Society,University4Society,orijinal ses,3
6822272922606931206,0,0,University4Society,University4Society,orijinal ses,2
7331026977169640712,0,0,Universityofsociety,Universityofsociety,original sound - Universityofsociety,3
7331027182845840648,0,0,Universityofsociety,Universityofsociety,original sound - Universityofsociety,3
7331025851200326919,0,0,Universityofsociety,Universityofsociety,original sound - Universityofsociety,4
7404777845341441286,0,0,Tech Society,CHRISPY,Vibing,2
7397011110903155973,0,0,Tech Society,CHRISPY,Vibing,2
7397010671763721478,0,0,Tech Society,CHRISPY,Vibing,2
7397010148675390726,0,0,Tech Society,CHRISPY,Vibing,1
7397009679911537926,0,0,Tech Society,CHRISPY,Vibing,1
7397009285957356806,0,0,Tech Society,CHRISPY,Vibing,2
7397008898600783109,0,0,Tech Society,CHRISPY,Vibing,2
7360579306004778245,0,0,Tech Society,Zanzibar ğŸ‡¹ğŸ‡¿,original sound,6
7359843019006283014,0,0,Tech Society,Tymur Khakimov,Marketing,4
7359441624902028549,0,0,Tech Society,Fancy Fingers,Fancy Fingers Kudade REFIX,6
7359083454513908998,1,0,Tech Society,CHRISPY,Vibing,12
7358699256443620614,0,0,Tech Society,ZydSounds,Marketing Businness,10
7358344230512676102,0,0,Tech Society,Vioo Sound,Motivational,12
7357978005454458117,0,0,Tech Society,Jaydon Lewis,GTAmapiano,5
7357597263457193221,0,1,Tech Society,Mçˆ·,In The End,24
7354993446987353349,0,0,Tech Society,XZIIE,Streets,4
7354664874460384518,0,0,Tech Society,Mwaki Msafi,original sound,11
7354517738288712966,0,1,Tech Society,Official Sound Studio,Sunrise,13
7354382802978082054,0,0,Tech Society,audiosğŸ«¡,Beautiful things,8
7354310245130259717,0,0,Tech Society,Ameen Harron,No Mind,21
7354095492655074565,0,0,Tech Society,Soundbeaver,Positive Vibes,12
7353955644388510982,0,0,Tech Society,Zerb & Sofiya Nzau,Mwaki,4
7353921531040271622,0,0,Tech Society,ZydSounds,Marketing Businness,13
7353722525832056069,0,0,Tech Society,Madonna & Sickick,Frozen,4
7353636472487955718,0,0,Tech Society,Pop Smoke,last time,34
7353339891796774150,0,0,Tech Society,sergionabeat,Shelby,5
7353337873929719045,0,0,Tech Society,TitoM & Yuppe,"Tshwala Bam (feat. S.N.E, EeQue)",9
7353279088905211141,0,0,Tech Society,Soundbeaver,Positive Vibes,10
7523025823742446866,133,642,Peking University,Peking University,original sound - Peking University,17300
7517835328913296658,119,482,Peking University,Peking University,original sound,11800
7461168377126587655,69,151,Peking University,Peking University,original sound,4474
7527538446362070290,5,5,Peking University,Peking University,original sound,119
7527213794334985480,4,0,Peking University,Peking University,original sound,127
7526456034005667090,33,177,Peking University,Peking University,original sound - Peking University,3442
7525774606360120594,99,361,Peking University,Peking University,original sound,16200
7525518233340808455,37,190,Peking University,Peking University,original sound,6225
7525136932930686209,23,41,Peking University,Peking University,original sound - Peking University,2629
7524740989102099719,37,197,Peking University,Peking University,original sound - Peking University,3173
7524608912293825799,67,154,Peking University,Peking University,original sound,7498
7524361482797124880,56,248,Peking University,Peking University,åŸå£° - Peking University,36900
7524284925491645712,28,98,Peking University,Peking University,original sound - Peking University,2413
7524284859305463041,116,279,Peking University,Peking University,original sound - Peking University,15300
7523500242260512018,118,346,Peking University,Peking University,original sound - Peking University,12200
7523492698276318472,4,0,Peking University,Peking University,original sound,87
7523291623363448072,63,137,Peking University,Peking University,original sound - Peking University,5758
7522762772082412807,17,41,Peking University,Peking University,original sound,2756
7522397284454255893,67,259,Peking University,Peking University,original sound - Peking University,7081
7522093997662276881,17,61,Peking University,Peking University,original sound - Peking University,2103
7521932374939061522,13,90,Peking University,Peking University,original sound,2530
7520549941161315591,50,132,Peking University,Peking University,original sound,9260
7520056033004227847,27,197,Peking University,Peking University,åŸåˆ›éŸ³ä¹,2392
7519688310848245010,23,114,Peking University,Peking University,original sound,2098
7518960096076926215,37,285,Peking University,Peking University,original sound,11400
7517098350760578311,28,281,Peking University,Peking University,original sound,4014
7516347206220172551,22,132,Peking University,Peking University,original sound,2326
7515231247631830279,33,167,Peking University,Peking University,original sound,3039
7513749118032858375,31,318,Peking University,Peking University,original sound,4209
7512755110733303058,26,284,Peking University,Peking University,original sound,4417
7511053543596428562,121,435,Peking University,Peking University,original sound,21500
7510824557909937416,40,242,Peking University,Peking University,original sound,3461
7510455649520585991,8,1,Peking University,Peking University,original sound,85
7510150355640978706,36,194,Peking University,Peking University,original sound,4551
7509413676651253010,26,198,Peking University,Peking University,åŸåˆ›éŸ³ä¹,2960
7509297418442247432,75,291,Peking University,Peking University,original sound,11800
7042015648041520389,8,1,UNIVERS SOCIETYğŸª,UNIVERS SOCIETYğŸª,sonido original,5
7486673637940989239,12,26,University Dance Society,estheeer,son original,928
7485027423071800631,25,13,University Dance Society,yesss,original sound,905
7483309258734554423,3,10,University Dance Society,University Dance Society,original sound,189
7482951998682189062,32,79,University Dance Society,University Dance Society,original sound,1533
7481788948482772230,14,96,University Dance Society,University Dance Society,original sound,2222
7480359238624087302,10,48,University Dance Society,University Dance Society,original sound,1207
7478851995655228678,17,60,University Dance Society,Molob,Watch me,382
7478495751442664709,2,4,University Dance Society,Peakyclips._,origineel geluid,150
7476253855471226167,0,5,University Dance Society,Griffins4U,eredeti hang â€“ Griffins4U,147
7475155245681708293,1,7,University Dance Society,TASY THE LABEL,suara asli - TASY THE LABEL,107
7473655404417928453,5,27,University Dance Society,ğ–Šğ–‘ğ–,original sound,503
7472543422402825478,4,2,University Dance Society,Danail Draganov,City Life,75
7471065828222438711,9,5,University Dance Society,Lil Lucky,Racks On Racks,72
7469960956135640326,2,17,University Dance Society,ratomilton,som original - Milton,119
7468461041647701253,2,21,University Dance Society,user28463135493,Minnesota Pom 2025,126
7467362849644432646,2,13,University Dance Society,PieterJohnsen,original sound,281
7455058558749576454,3,4,University Dance Society,University Dance Society,original sound,94
7445114418729372984,1,2,University Dance Society,Chronic Law & Notnice,Weekend (Bup Bup),169
7442418166086634807,2,8,University Dance Society,alexandra louise,original sound,239
7442128481183468856,9,5,University Dance Society,Rachel,original sound,109
7441388501049871671,0,9,University Dance Society,Sidetalk,WE OUTSIDE,77
7440613998669679928,18,12,University Dance Society,_theoneil,original sound,348
7439901975891692856,5,12,University Dance Society,Platon Davydov,Dramatic Sad Violin,132
7439144403706367287,3,15,University Dance Society,CDK COMPANY,origineel geluid,192
7438016291799158072,3,26,University Dance Society,University Dance Society,original sound,195
7414298098920475910,28,42,University Dance Society,Fada DoseğŸ€,Gwan suh challenge,532
7409072628255771909,9,8,University Dance Society,Tyla & Gunna & Skillibeng,Jump,83
7406844682090630406,3,15,University Dance Society,Sigala & Ella Eyre,Came Here for Love,419
7346704769240616197,5,12,University Dance Society,VALIANT,original sound,859
7346634043175226629,30,73,University Dance Society,REBELTHISREBELTHAT,original sound,5263
7337738383944453381,9,15,University Dance Society,Lexi Poer ğŸ“ATL,original sound,350
7307260388997909765,1,0,University Dance Society,AiyannağŸª¸,original sound,178
7305946077092400389,0,0,University Dance Society,naddğŸ©¹,tell em,19
7305855470336576774,1,1,University Dance Society,Freeform,original sound,104
7302160924671053062,8,30,University Dance Society,haileena,original sound,661
7526598411747904773,1352,2071,MPL Indonesia,MPL Indonesia,suara asli - MPL Indonesia,76500
7527942895257586949,28,3,MPL Indonesia,Inilah.com,original sound - Inilah.com,632
7527909634267565318,154,58,MPL Indonesia,ğ¨ğ§ğğ¨ğ§ğ¥ğ–Šğ–ŠğŸŒŠ,suara asli - ğ¨ğ§ğğ¨ğ§ğ¥ğ–Šğ–ŠğŸŒŠ,4995
7527896194715110662,48,106,MPL Indonesia,MPL Indonesia,suara asli - MPL Indonesia,5720
7527719469083348280,46,33,MPL Indonesia,ğŸª,sonido original,3624
7527710898702667064,57,91,MPL Indonesia,MPL Indonesia,suara asli - MPL Indonesia,3449
7527690662893014328,60,49,MPL Indonesia,MPL Indonesia,suara asli - MPL Indonesia,3589
7527650779117702456,51,53,MPL Indonesia,ğ–ğ–†ğ–‘ğ–‘ğ–”ğ–œ,original sound,9521
7527634236921171205,104,28,MPL Indonesia,MPL Indonesia,suara asli - MPL Indonesia,15500
7527576545792183608,182,50,MPL Indonesia,Sam Jorden,original sound,9727
7527544184601840952,42,5,MPL Indonesia,MPL Indonesia,suara asli - MPL Indonesia,2885
7527457976962141496,77,80,MPL Indonesia,MPL Indonesia,suara asli - MPL Indonesia,8230
7527315217206873400,144,80,MPL Indonesia,MPL Indonesia,suara asli - MPL Indonesia,5433
7527257367545662726,249,575,MPL Indonesia,IRONMAN,original sound - IRONMAN,37500
7527235679571561734,139,65,MPL Indonesia,MPL Indonesia,suara asli - MPL Indonesia,11600
7527231069800631557,32,41,MPL Indonesia,Omchyy,suara asli - Omchyy,455
7527189376565087544,268,141,MPL Indonesia,MPL Indonesia,suara asli - MPL Indonesia,14500
7526864617419705606,50,19,MPL Indonesia,Dá»«a(æ¤°å­),nháº¡c ná»n - Dá»«a(æ¤°å­),411
7526492199542951174,257,279,MPL Indonesia,Dj Danvata,suara asli - Dj Danvata,18700
7526472790216625414,102,137,MPL Indonesia,prodvior,origineel geluid,12300
7526462270096903429,22,3,MPL Indonesia,EdwardMayaOfficial,original sound,509
7526400990614998328,69,19,MPL Indonesia,342K,suara asli - 342K,2681
7526150691677605125,140,169,MPL Indonesia,abil,suara asli - abil,7331
7526097149440888069,84,46,MPL Indonesia,ğŸğšğ›ğ¢ğ¨Â®,som original,2819
7526032012189142328,71,29,MPL Indonesia,Dá»«a(æ¤°å­),nháº¡c ná»n - Dá»«a(æ¤°å­),1318
7525818447142473016,332,317,MPL Indonesia,MPL Indonesia,suara asli - MPL Indonesia,23200
7525796525855853830,496,431,MPL Indonesia,MPL Indonesia,suara asli - MPL Indonesia,53800
7525748622869220613,123,239,MPL Indonesia,yadzu,Ğ¾Ñ€Ğ¸Ğ³Ğ¸Ğ½Ğ°Ğ»ÑŒĞ½Ñ‹Ğ¹ Ğ·Ğ²ÑƒĞº - yadzu,12300
7525705636449979654,68,53,MPL Indonesia,Dá»«a(æ¤°å­),nháº¡c ná»n - Dá»«a(æ¤°å­),3874
7525690610112531717,61,42,MPL Indonesia,nuyy,suara asli - aq dini_ni,2592
7525652233006992645,145,80,MPL Indonesia,MPL Indonesia,suara asli - MPL Indonesia,10500
7525433595029097734,263,491,MPL Indonesia,MPL Indonesia,suara asli - MPL Indonesia,36300
7525433428980944184,189,231,MPL Indonesia,Veltonica Sound,RNB Hip Hop,18700
7525382627012988166,170,304,MPL Indonesia,yadzu,Ğ¾Ñ€Ğ¸Ğ³Ğ¸Ğ½Ğ°Ğ»ÑŒĞ½Ñ‹Ğ¹ Ğ·Ğ²ÑƒĞº - yadzu,38500
7525051793693265157,390,402,MPL Indonesia,MPL Indonesia,suara asli - MPL Indonesia,27200
7351163217445506312,1,0,University,University,ã‚ªãƒªã‚¸ãƒŠãƒ«æ¥½æ›² - University,78
7355949074987715847,0,0,University,University,ã‚ªãƒªã‚¸ãƒŠãƒ«æ¥½æ›² - University,42
7355947670109818119,0,0,University,University,ã‚ªãƒªã‚¸ãƒŠãƒ«æ¥½æ›² - University,30
7355946572586274066,0,0,University,University,ã‚ªãƒªã‚¸ãƒŠãƒ«æ¥½æ›² - University,31
7355551614083665170,0,0,University,University,ã‚ªãƒªã‚¸ãƒŠãƒ«æ¥½æ›² - University,37
7355550770592255239,0,0,University,University,ã‚ªãƒªã‚¸ãƒŠãƒ«æ¥½æ›² - University,32
7355550066829970696,0,0,University,University,ã‚ªãƒªã‚¸ãƒŠãƒ«æ¥½æ›² - University,26
7355266103880305928,0,0,University,University,ã‚ªãƒªã‚¸ãƒŠãƒ«æ¥½æ›² - University,32
7355264560938503442,0,0,University,University,ã‚ªãƒªã‚¸ãƒŠãƒ«æ¥½æ›² - University,23
7355263537486368018,0,0,University,University,ã‚ªãƒªã‚¸ãƒŠãƒ«æ¥½æ›² - University,22
7354894493222538503,0,0,University,University,ã‚ªãƒªã‚¸ãƒŠãƒ«æ¥½æ›² - University,28
7354893346877263111,0,0,University,University,ã‚ªãƒªã‚¸ãƒŠãƒ«æ¥½æ›² - University,25
7354891889562160392,0,1,University,University,ã‚ªãƒªã‚¸ãƒŠãƒ«æ¥½æ›² - University,24
7354514665935998226,0,1,University,University,ã‚ªãƒªã‚¸ãƒŠãƒ«æ¥½æ›² - University,37
7354512931461041426,1,0,University,University,ã‚ªãƒªã‚¸ãƒŠãƒ«æ¥½æ›² - University,40
7354509960841137426,0,0,University,University,ã‚ªãƒªã‚¸ãƒŠãƒ«æ¥½æ›² - University,26
7354145967794392327,0,0,University,University,ã‚ªãƒªã‚¸ãƒŠãƒ«æ¥½æ›² - University,36
7354144736212520199,0,0,University,University,ã‚ªãƒªã‚¸ãƒŠãƒ«æ¥½æ›² - University,28
7354143026664541458,0,0,University,University,ã‚ªãƒªã‚¸ãƒŠãƒ«æ¥½æ›² - University,33
7354137850981387527,0,0,University,ã‹ã‚ã‚„ã¾,ã‚ªãƒªã‚¸ãƒŠãƒ«æ¥½æ›² - ã‹ã‚ã‚„ã¾,53
7353788387842624786,1,0,University,ZydSounds,The Island Paradise,30
7353749084894776584,0,0,University,University,ã‚ªãƒªã‚¸ãƒŠãƒ«æ¥½æ›² - University,27
7353747910867062024,0,0,University,University,ã‚ªãƒªã‚¸ãƒŠãƒ«æ¥½æ›² - University,19
7353746753046220040,0,0,University,University,ã‚ªãƒªã‚¸ãƒŠãƒ«æ¥½æ›² - University,24
7353348789073218824,0,0,University,University,ã‚ªãƒªã‚¸ãƒŠãƒ«æ¥½æ›² - University,29
7353348015173668103,1,0,University,University,ã‚ªãƒªã‚¸ãƒŠãƒ«æ¥½æ›² - University,24
7353346718299114759,0,0,University,University,ã‚ªãƒªã‚¸ãƒŠãƒ«æ¥½æ›² - University,20
7353245886941613330,0,0,University,University,ã‚ªãƒªã‚¸ãƒŠãƒ«æ¥½æ›² - University,36
7353151107297758472,0,0,University,University,ã‚ªãƒªã‚¸ãƒŠãƒ«æ¥½æ›² - University,52
7353118867494833426,0,0,University,Official Sound Studio,Sunset,51
7353021717851294983,2,0,University,Awan Music,Nature,43
7352997260864572680,0,0,University,University,original sound - University,31
7352996482053688584,0,0,University,University,original sound - University,26
7352995822067371272,0,0,University,University,original sound - University,32
7352626273119718663,0,0,University,University,ã‚ªãƒªã‚¸ãƒŠãƒ«æ¥½æ›² - University,54
7352625263903001874,0,0,University,University,ã‚ªãƒªã‚¸ãƒŠãƒ«æ¥½æ›² - University,35
7292364383831788805,0,0,Human Organization Technology,Human Organization Technology,suara asli - Human Organization Technology,6
7291926413718916358,0,0,Human Organization Technology,zonamusik90an,suara asli - zonamusik90an,12
7291924216130178309,0,0,Human Organization Technology,The Offspring,Come Out and Play - 2008 Remaster,8
7481002251536911638,0,0,Tech University,DM Production,Epic Inspiration,25
7480284101627481366,0,3,Tech University,Tech University,son original,21
7490654200481975554,0,0,associationunivers,Songslover ğŸ©¹â¤ï¸,original sound,15
7485540142283885846,6,35,associationunivers,SessimÃ¨,Mayavio - SessimÃ¨,41
7483284844911299862,0,0,associationunivers,SessimÃ¨,Mayavio - SessimÃ¨,33
7339788886253636865,4,1,Ansac Technology Singapore,Ansac Technology Singapore,original sound - Ansac Technology Singapore,20
7345025918521380098,1,3,Ansac Technology Singapore,Ansac Technology Singapore,original sound - Ansac Technology Singapore,18
7521958440315489542,0,0,Ansac Technology Singapore,Ansac Technology Singapore,original sound - Ansac Technology Singapore,3
7516809848680500486,0,0,Ansac Technology Singapore,Ansac Technology Singapore,original sound - Ansac Technology Singapore,5
7515263524197633285,0,6,Ansac Technology Singapore,Ansac Technology Singapore,original sound - Ansac Technology Singapore,50
7514536771250605368,0,0,Ansac Technology Singapore,Ansac Technology Singapore,original sound - Ansac Technology Singapore,6
7509017063604768006,0,0,Ansac Technology Singapore,Ansac Technology Singapore,original sound - Ansac Technology Singapore,8
7506372832255905080,0,0,Ansac Technology Singapore,Ansac Technology Singapore,original sound - Ansac Technology Singapore,0
7504517427393268997,0,0,Ansac Technology Singapore,Ansac Technology Singapore,original sound - Ansac Technology Singapore,4
7501224327296208134,1,1,Ansac Technology Singapore,Ansac Technology Singapore,original sound - Ansac Technology Singapore,28
7496385252164766981,1,3,Ansac Technology Singapore,Ansac Technology Singapore,original sound - Ansac Technology Singapore,721
7490771805104327942,1,1,Ansac Technology Singapore,Ansac Technology Singapore,original sound - Ansac Technology Singapore,681
7488931892373359877,0,2,Ansac Technology Singapore,Ansac Technology Singapore,original sound - Ansac Technology Singapore,369
7486333372432764165,0,0,Ansac Technology Singapore,Ansac Technology Singapore,original sound - Ansac Technology Singapore,0
7485592047605255429,0,3,Ansac Technology Singapore,Ansac Technology Singapore,original sound - Ansac Technology Singapore,9
7480770448746122551,0,0,Ansac Technology Singapore,Ansac Technology Singapore,original sound - Ansac Technology Singapore,2
7480399114186837253,0,0,Ansac Technology Singapore,Ansac Technology Singapore,original sound - Ansac Technology Singapore,4
7475248179768757509,0,3,Ansac Technology Singapore,Ansac Technology Singapore,original sound - Ansac Technology Singapore,8
7472650632827047223,0,0,Ansac Technology Singapore,Ansac Technology Singapore,original sound - Ansac Technology Singapore,5
7431472370293984519,0,0,Ansac Technology Singapore,Ansac Technology Singapore,original sound - Ansac Technology Singapore,9
7426669656112467218,0,2,Ansac Technology Singapore,Ansac Technology Singapore,original sound - Ansac Technology Singapore,12
7425918998317026578,0,2,Ansac Technology Singapore,Ansac Technology Singapore,original sound - Ansac Technology Singapore,10
7423209289143094546,0,0,Ansac Technology Singapore,Ansac Technology Singapore,original sound - Ansac Technology Singapore,14
7417712983545056520,0,2,Ansac Technology Singapore,Ansac Technology Singapore,original sound - Ansac Technology Singapore,14
7402469124447800584,0,0,Ansac Technology Singapore,Ansac Technology Singapore,original sound - Ansac Technology Singapore,14
7379147286267301137,0,0,Ansac Technology Singapore,Ansac Technology Singapore,original sound - Ansac Technology Singapore,6
7374294566867897601,0,3,Ansac Technology Singapore,Ansac Technology Singapore,original sound - Ansac Technology Singapore,8
7358018651993181441,0,0,Ansac Technology Singapore,Ansac Technology Singapore,original sound - Ansac Technology Singapore,8
7350183224733109505,7,1,Ansac Technology Singapore,Leano,Gentle and Brave Western Instrumental Loop 2(1387537),32
7334985297827990786,0,0,Ansac Technology Singapore,Haoren & Priscilla Abby & Thomas Kok & Daniel & Isaac Voo & Steady Gang & Wooby Gan,Shmei,8
7326836418397916417,0,0,Ansac Technology Singapore,Ansac Technology Singapore,original sound - Ansac Technology Singapore,12
7324507161084677377,0,2,Ansac Technology Singapore,Ansac Technology Singapore,original sound - Ansac Technology Singapore,12
7322739974464457985,3,0,Ansac Technology Singapore,Ansac Technology Singapore,original sound - Ansac Technology Singapore,12
7317927546551635201,0,0,Ansac Technology Singapore,Ansac Technology Singapore,original sound - Ansac Technology Singapore,6
7317520981059177729,0,0,Ansac Technology Singapore,Official Sound Studio,Walker,4
7527857403707149575,2,0,Unitech Group,Melly Mike,Young Black & Rich,20
7527540879746239752,0,1,Unitech Group,Unitech Group,original sound - Unitech Group,26
7527231279864089864,3,2,Unitech Group,MOHD RAFLYğŸ‰,original sound - lely tora,90
7526840623723252999,0,0,Unitech Group,DJ R SR,à¹€à¸ªà¸µà¸¢à¸‡à¸•à¹‰à¸™à¸‰à¸šà¸±à¸š - DJ R SR,40
7526041890068712712,3,13,Unitech Group,agzeditie,suara asli - agzeditie,42
7525762282526149896,0,0,Unitech Group,Unitech Group,original sound - Unitech Group,14
7522779344314371336,3,3,Unitech Group,MOHD RAFLYğŸ‰,original sound - lely tora,217
7521927702295710984,1,1,Unitech Group,KAAZE,Destination Calabria,63
7520162424104832264,2,0,Unitech Group,Hi Bread n Cookies,suara asli - Neng Moy,122
7519699492174695687,1,1,Unitech Group,Perbadanan Putrajaya,original sound - Perbadanan Putrajaya,36
7518958200675208466,5,7,Unitech Group,LONOWN,AVANGARD,393
7517582757610933522,0,1,Unitech Group,Yb Wasg'ood & Ariis,LUNA BALA (Slowed),62
7517108506307136775,2,1,Unitech Group,KORNRMX,à¹€à¸ªà¸µà¸¢à¸‡à¸•à¹‰à¸™à¸‰à¸šà¸±à¸š - KORNRMX,56
7516450809081597202,2,2,Unitech Group,Yohanes Bhisma ğŸ”´,suara asli - Yohanes Bhisma ğŸ”´,58
7515276818304257287,7,10,Unitech Group,á´¡á´‡êœ±. á´›á´œÊ€á´œ,DJ BREAKBEAT MANGU NEWS 2025 OBEY TDM FT WES TURU,204
7514876507085491463,8,2,Unitech Group,KORNRMX,à¹€à¸ªà¸µà¸¢à¸‡à¸•à¹‰à¸™à¸‰à¸šà¸±à¸š - KORNRMX,91
7514517223986302226,1,2,Unitech Group,Tamaa || ğ†ğ‚ğ•,DJ Romlos X Su Jauh Sa Tanam Tapi Hati Tra Hasil,28
7511913967195835655,4,11,Unitech Group,Sky Z-06ãƒ…,nháº¡c ná»n - RUZING BEAT,261
7510066848273108232,4,1,Unitech Group,Amii15â¤ï¸â€ğŸ”¥â¤ï¸â€ğŸ”¥,suara asli - Amii15â¤ï¸â€ğŸ”¥â¤ï¸â€ğŸ”¥,33
7508957721857756424,0,4,Unitech Group,à¼„â€¢ÅœÅ‚Æ‰Å‚Æ˜ KÃ„Ã±Ãˆâ€¢à¿,DJ ANTHEM CRAZY,24
7507494161227009287,1,2,Unitech Group,DJSONNRMX,original sound - DJSONNRMX,25
7506333045516029191,1,3,Unitech Group,ammarhasawi,original sound - ammarhasawi,35
7504130292286786824,2,0,Unitech Group,Ngginus Lebu,suara asli - Ngginus Lebu,29
7502623992533044498,0,0,Unitech Group,nengapo,suara asli - nengapo,29
7502261318280285448,0,0,Unitech Group,Nasril Ft ğ™‚ğ™‚,BLOODLINE PLAT KT errtasz ft hirowangyy ft nasril,25
7501914314337488136,0,1,Unitech Group,DJ Ekall Rmx,Tia Monika,10
7497448939814227207,0,2,Unitech Group,Mr Apply,suara asli - Wahyu Hidayat,20
7496362124189371655,0,2,Unitech Group,MRâ€¢Cillotz,suara asli - MRâ€¢Cillotz,16
7490752498156768520,0,1,Unitech Group,zainal.znb,suara asli - Kara Fvnky,14
7489654286008274184,2,1,Unitech Group,user24719958452,original sound - DJ MABOKKğŸ´â€â˜ ï¸,41
7489272919508503826,1,1,Unitech Group,Unitech Group,original sound - Supplier Iphone Murah,12
7488898659287928082,0,2,Unitech Group,Avicii,The Nights,17
7488518576689876242,2,0,Unitech Group,Rintihan Rindu,bunyi asal - Rintihan Rindu,14
7481502786228702471,1,2,Unitech Group,Emma Fauzan,original sound - Emma Fauzan,16
7463668166418337032,2,0,Unitech Group,êŠ¼ê€¤êŸêˆ¤_êŒ—ê’’ê‚µÂ°Â°,Bombastic,6
7522433472422563080,2,11,Unitechgroup,NO WAY ğŸ¥º,original sound,30
7496788939173268754,2,45,Unitechgroup,cimilyhğŸ’…ğŸ»,suara asli - â€”milkyour,126
7494887348207996167,1,49,Unitechgroup,ğ‡ğ¨Ã ğ§ğ  Ãšğ­ ğŒğ®ğ¬ğ¢ğœ âœˆ,nháº¡c ná»n - ğ‡ğ¨Ã ğ§ğ  Ãšğ­ ğŒğ®ğ¬ğ¢ğœ âœˆ,25
7477504175111212304,6,7,Unitechgroup,hairbyharleyy,original sound,15
7461921539919760647,11,151,Unitechgroup,HOANG ART Chill music ğŸ¶,nháº¡c ná»n - HOÃ€NG ART chill music ğŸ¶,90
7444526482614914322,108,704,Unitechgroup,NO WAY ğŸ¥º,original sound,870
7437054794331655442,3,27,Unitechgroup,Conkarah,Banana (feat. Shaggy) [DJ FLe - Minisiren Remix],26
6969107740287503617,1,8,Unitechgroup,DRXML,Rude Remix,15
6967253249619496193,2,1,Unitechgroup,XING KONG & Timmy Trumpet & Savage,Freaks - XING KONG When Mom Isn't Home Edit,8
6965798701591825666,1,3,Unitechgroup,Tiopapaceda__,Papalepa,8
6965069402865667330,1,2,Unitechgroup,DRXML,Rude Remix,14
6965016551485410562,1,13,Unitechgroup,ğ•½ğ–ğ–†ğ–“..ğ“,DJ Merayu,11
6962064558630423809,1,43,Unitechgroup,Mimi,Classic Remix,14
6961712130009681153,2,33,Unitechgroup,Ayu Ting Ting,Ting Ting - House Mix,13
6961664724601769218,0,1,Unitechgroup,Justin Bieber,Love Yourself,7
6959804162225884417,2,16,Unitechgroup,Tegami,Wake up in the Morning,16
7485689798192041238,2,6,universal tech group,universal tech group,son original,99
7501840235500784939,0,0,Theuniversitygroup,HeyZeusGetLoose,original sound,58
7500957922218790175,0,0,Theuniversitygroup,Theuniversitygroup,original sound,7
7500956850192436511,0,0,Theuniversitygroup,Theuniversitygroup,original sound,0
7500501220298181919,0,0,Theuniversitygroup,Thomas Dolby,She Blinded Me With Science (Extended Version),0
7500494410564734254,0,0,Theuniversitygroup,Audie'sDream,original sound,0
7500493476811853102,0,0,Theuniversitygroup,DJ Jazzy Jeff & The Fresh Prince,Summertime (Instrumental),1
7500465871719025963,0,0,Theuniversitygroup,Erykah Badu,Hi,1
7500393675545988394,0,0,Theuniversitygroup,Nina Simone,Feeling Good,2
7500389714684316974,0,0,Theuniversitygroup,Malte Marten & Luna Mando,Sun & Moon (1111 Hz),0
7482357627830144287,0,0,Theuniversitygroup,Mr.6ways,Dedication and Consistency,0
7482350644150422815,0,0,Theuniversitygroup,Malte Marten & Luna Mando,Sun & Moon (1111 Hz),0
7527561829615291654,2,0,Zetech University,Zetech University,original sound,58
7527246613899693318,24,34,Zetech University,Zetech University,original sound,609
7527197474428030264,4,19,Zetech University,shaddyshihusa,original sound,399
7526822407047318790,1,3,Zetech University,Zetech University,original sound,103
7525441081031265592,3,8,Zetech University,Monique-LyricsğŸ’•,original sound,265
7525368047146634502,15,41,Zetech University,Monique-LyricsğŸ’•,original sound,293
7523454312618528056,9,30,Zetech University,Zetech University,original sound,1124
7523190565190618373,4,0,Zetech University,Ug Magic,original sound - Ug Magic,182
7521713741986139397,31,29,Zetech University,Zetech University,original sound - Zetech University,769
7518034362034605318,17,41,Zetech University,LYRICSLOUNGEğŸµ,original sound,597
7513839903638293765,9,52,Zetech University,Moses Akure 2,original sound,489
7512019419611024646,6,4,Zetech University,Zetech University,original sound,319
7511713438469573894,4,4,Zetech University,Zetech University,original sound,603
7511632631503588664,3,11,Zetech University,MXZI,MONTAGEM TOMADA (Slowed),579
7510124373525744952,1,5,Zetech University,Zetech University,original sound,323
7509743255588736261,0,2,Zetech University,Zetech University,original sound,254
7509370743088598328,5,8,Zetech University,Official Sound Studio,Sunrise,413
7508751660894784824,2,13,Zetech University,Zetech University,original sound,482
7507253114836241670,17,3,Zetech University,Kids Sound,A happy song perfect for the opening(1601429),374
7503480616231374085,22,50,Zetech University,Hana Vy,Together We Shine,1020
7503069256725187845,9,5,Zetech University,Zetech University,original sound,360
7501211287439822135,6,8,Zetech University,Zetech University,original sound,401
7499345228864818487,15,78,Zetech University,Zetech University,original sound,792
7498306994244209926,25,98,Zetech University,Zetech University,original sound,2052
7497548940728864006,24,22,Zetech University,Zetech University,original sound,668
7497266574521355526,8,11,Zetech University,Zetech University,original sound,580
7491669504653577527,4,2,Zetech University,Zetech University,original sound,332
7489118465031179575,21,12,Zetech University,â—•Nasberie,original sound,634
7486862846400154935,3,0,Zetech University,Zetech University,original sound,213
7486478357304020279,3,1,Zetech University,å°æœ±,Hope,252
7485656271950056709,5,3,Zetech University,Zetech University,original sound - Zetech University,383
7485685781881687302,12,3,Zetech University,Berri-Tiga & Tekno,Egopiano,412
7485380936733822213,29,151,Zetech University,Zetech University,original sound - Zetech University,2474
7484712528237448454,12,11,Zetech University,Zetech University,original sound,516
7484601204870221062,7,5,Zetech University,Official Sound Studio,Bymyside,288
7440170436459056439,0,3,Tech Enthusiast Day 2024,Tech Enthusiast Day 2024,suara asli - Tech Enthusiast Day 2024,11
7440153689181916472,0,0,Tech Enthusiast Day 2024,Tech Enthusiast Day 2024,suara asli - Tech Enthusiast Day 2024,10
7440153546076507448,0,4,Tech Enthusiast Day 2024,Tech Enthusiast Day 2024,suara asli - Tech Enthusiast Day 2024,10
7439331543258008888,0,0,Tech Enthusiast Day 2024,Tech Enthusiast Day 2024,suara asli - Tech Enthusiast Day 2024,33
7431453026197572871,1,24,Tech Enthusiast Day 2024,Tech Enthusiast Day 2024,suara asli - Tech Enthusiast Day 2024,27
7427266721607732498,0,0,Tech Enthusiast Day 2024,Tech Enthusiast Day 2024,suara asli - Tech Enthusiast Day 2024,5
7426918716828437768,0,0,Tech Enthusiast Day 2024,Tech Enthusiast Day 2024,suara asli - Tech Enthusiast Day 2024,6
7425975510217395461,0,0,Tech Enthusiast Day 2024,Tech Enthusiast Day 2024,suara asli - Tech Enthusiast Day 2024,7
7425975380575603974,0,1,Tech Enthusiast Day 2024,Tech Enthusiast Day 2024,suara asli - Tech Enthusiast Day 2024,9
7425974514040851718,0,0,Tech Enthusiast Day 2024,Tech Enthusiast Day 2024,suara asli - Tech Enthusiast Day 2024,12
7423680991211982086,0,1,Tech Enthusiast Day 2024,Tech Enthusiast Day 2024,suara asli - Tech Enthusiast Day 2024,16
7421130962920180997,0,2,Tech Enthusiast Day 2024,Tech Enthusiast Day 2024,suara asli - Tech Enthusiast Day 2024,22
7418495898340068614,0,5,Tech Enthusiast Day 2024,Tech Enthusiast Day 2024,suara asli - Tech Enthusiast Day 2024,38
7418494045770632454,0,15,Tech Enthusiast Day 2024,Tech Enthusiast Day 2024,suara asli - Tech Enthusiast Day 2023,24
7305580585324449030,0,0,Tech Enthusiast Day 2024,DJ TARO,DJ MELODY BREAKDUTCH MXSHP KANE (PARTY),5
7304962675832786182,0,1,Tech Enthusiast Day 2024,Tech Enthusiast Day 2024,suara asli - Tech Enthusiast Day 2023,7
7294942619396787461,0,2,Tech Enthusiast Day 2024,KANA-BOON,Silhouette,29
7294156816647294213,0,0,Tech Enthusiast Day 2024,DJ Dhewy,Bercyandya,15
7293886555503021318,0,2,Tech Enthusiast Day 2024,Tech Enthusiast Day 2024,suara asli - Tech Enthusiast Day 2023,27
7289332617005026565,0,0,Tech Enthusiast Day 2024,MIL,Ğ¾Ñ€Ğ¸Ğ³Ğ¸Ğ½Ğ°Ğ»ÑŒĞ½Ñ‹Ğ¹ Ğ·Ğ²ÑƒĞº,6
7281649575440518406,0,23,Tech Enthusiast Day 2024,Tech Enthusiast Day 2024,suara asli - Tech Enthusiast Day 2023,35
7279713799450430726,1,1,Tech Enthusiast Day 2024,Tech Enthusiast Day 2024,original sound - Tech Enthusiast Day 2023,41
7279091573609024774,2,4,Tech Enthusiast Day 2024,Tech Enthusiast Day 2024,original sound - Tech Enthusiast Day 2023,24
7347749521079749895,21,1,Tech Enthusiast,Tech Enthusiast,original sound,38
7347751720274955528,7,2,Tech Enthusiast,Tech Enthusiast,original sound,19
7347750435568061714,14,7,Tech Enthusiast,DamiBTS,original sound - DamiBTS,59
7347747548381089042,0,2,Tech Enthusiast,Tech Enthusiast,original sound,28
7347746515655396616,1,1,Tech Enthusiast,Garik Bangin,Superhero,12
7347745904989949202,2,1,Tech Enthusiast,Tech Enthusiast,original sound,17
7347744892199734536,0,2,Tech Enthusiast,Tech Enthusiast,original sound,10
7347744112826682642,0,2,Tech Enthusiast,Tech Enthusiast,original sound,11
7347742830363708679,0,1,Tech Enthusiast,Garik Bangin,Superhero,11
7347740619445488903,0,3,Tech Enthusiast,Tech Enthusiast,original sound,15
7347740029956918536,1,3,Tech Enthusiast,femtanyl,DINNER!,14
7347739182133038343,0,1,Tech Enthusiast,Tech Enthusiast,original sound,12
7347738526928129288,5,1,Tech Enthusiast,Tech Enthusiast,original sound,10
7347737570085850375,0,1,Tech Enthusiast,Tech Enthusiast,original sound,4
7504212074348891438,4,0,tech_enthusiast,,original sound - tech_enthusiast,1
7504197470608444718,3,10,tech_enthusiast,tech_enthusiast,original sound,53
7496785843772968238,1,0,tech_enthusiast,tech_enthusiast,original sound,0
7496720036011265322,2,1,tech_enthusiast,tech_enthusiast,original sound,2
7496055164365851946,1,3,tech_enthusiast,tech_enthusiast,åŸè²,2
7496049709807635758,2,1,tech_enthusiast,tech_enthusiast,åŸè²,0
7246730671773830427,1,39,VsTech,VsTech,original sound - VsPapg,766
7308444885445610784,0,0,VsTech,VsTech,original sound,17
7308414721378536737,0,0,VsTech,VsTech,original sound,20
7247191258064506139,0,0,VsTech,VsTech,original sound - VsPapg,15
7247164665111842074,0,0,VsTech,VsTech,original sound - VsPapg,6
7246732791998696730,0,0,VsTech,VsTech,original sound - VsPapg,16
7246338123829923098,0,2,VsTech,VsTech,original sound - VsPapg,6
7246454009328880923,0,0,VsTech,VsTech,original sound - VsPapg,16
7246436687931378971,0,0,VsTech,VsTech,original sound - VsPapg,7
7246359313822911770,0,0,VsTech,VsTech,original sound,19
7246142397518826779,0,1,VsTech,VsTech,original sound - VsPapg,5
7246054315381542170,0,35,VsTech,VsTech,original sound,27
7245777337587879194,0,3,VsTech,VsTech,original sound,41
7512512655601536263,2274,85200,Arun Maini,Arun Maini,original sound,966700
7136627562641362177,2878,1631,Arun Maini,Arun Maini,original sound,1500000
7092339730913807617,11000,4063,Arun Maini,The King Khan & BBQ Show,Love You So,874500
7527342345981824264,97,133,Arun Maini,Arun Maini,original sound,7544
7524335751186631944,430,770,Arun Maini,Arun Maini,original sound,89000
7519828317554461960,79,213,Arun Maini,GabriÃ©l,Have you been wondering,21800
7518112048455224583,1199,2162,Arun Maini,maczz,original sound,173500
7515410865785490695,606,8067,Arun Maini,Arun Maini,original sound,260400
7509280296144063752,54,161,Arun Maini,Arun Maini,original sound,19100
7504672177942269192,165,520,Arun Maini,Arun Maini,original sound,15400
7504286618342280466,118,502,Arun Maini,Arun Maini,original sound,26600
7501754646894087442,528,2554,Arun Maini,Arun Maini,original sound,258900
7499906934674328840,93,512,Arun Maini,Arun Maini,original sound,50600
7496948362575449351,87,120,Arun Maini,Arun Maini,original sound,20700
7494916410099928328,173,616,Arun Maini,Arun Maini,original sound,37000
7494604567221439751,344,282,Arun Maini,Arun Maini,original sound,24300
7491726166546746642,116,137,Arun Maini,Arun Maini,original sound,17600
7489353843654839560,194,912,Arun Maini,Arun Maini,original sound,21900
7489207068063321351,1480,6337,Arun Maini,Arun Maini,original sound,116900
7486193368335207688,225,1574,Arun Maini,Arun Maini,original sound,49400
7481310398218603783,581,1904,Arun Maini,Arun Maini,original sound,209200
7478653079198420232,88,651,Arun Maini,Arun Maini,original sound,41000
7477512804128328967,2654,21500,Arun Maini,Arun Maini,original sound,184600
7475454896645393682,165,365,Arun Maini,Arun Maini,original sound,40000
7473887968747457800,358,553,Arun Maini,Arun Maini,original sound,40500
7472745811135204626,279,1932,Arun Maini,Arun Maini,original sound,17800
7467968190652353810,124,317,Arun Maini,Arun Maini,original sound,37700
7465016289312984338,107,193,Arun Maini,Arun Maini,original sound,18200
7462010549086260488,75,178,Arun Maini,Arun Maini,original sound,21500
7459755521755598098,508,3162,Arun Maini,Arun Maini,original sound,41200
7459487681655917831,610,12000,Arun Maini,Arun Maini,original sound,173400
7459066269405318407,77,35,Arun Maini,Arun Maini,original sound,8593
7458362689396493575,150,426,Arun Maini,Arun Maini,original sound,41400
7454372443977731335,499,2178,Arun Maini,Arun Maini,original sound,45800
7449799481094081800,121,419,Arun Maini,Arun Maini,original sound,13000
7446869297399336212,205,901,Arun Maini,Arun Maini,original sound,45100
7442391802860129553,8409,37800,Arun Maini,Arun Maini,original sound,885200
7352809914106006790,23,39,Tech_enthusiast,Shabiâšœï¸,original sound,247
7338672164167552262,8,0,Tech_enthusiast,,original sound,106
7374958925587762438,8,25,Tech_enthusiast,ğ¤ğ­ğ¡ğ¬áµ•,original sound,49
7374756655831010565,16,43,Tech_enthusiast,AUJLA EMPIREâ™¥ï¸,original sound,45
7373659830080343302,29,30,Tech_enthusiast,ê§à¼ºtere binà¼»ê§‚,original sound,84
7373587152338275589,15,28,Tech_enthusiast,â€¢ğŸ¥ºâ¤â€ğŸ©¹,original sound,73
7373495729093889286,19,29,Tech_enthusiast,~ğ™€ ğ™ ğ™ƒ ğ˜¼ğŸ¦‹,original sound,98
7353821843691687173,4,28,Tech_enthusiast,JawadTheBestFriendğŸŒ™ğŸ¦‹,original sound,45
7353535224279584006,7,10,Tech_enthusiast,slow_editz295,original sound,55
7353050981208296710,15,35,Tech_enthusiast,Swabi boy,original sound,77
7352043308849433862,6,28,Tech_enthusiast,PB 65 AM 0008ğŸ‘‘,original sound,71
7347913315529657606,5,0,Tech_enthusiast,ğŸ”¥ğŸ˜ˆZAINğŸ˜ˆğŸ”¥,original sound,55
7344629801606499590,5,0,Tech_enthusiast,ğŸ‘‘CAR SONG CREATERğŸ’˜ğŸ‘‘,original sound,53
7344585192889158918,9,0,Tech_enthusiast,,,90
7344550574949600518,7,0,Tech_enthusiast,Khan Ù…Ø±ØªØ³Ù… Khan,original sound,66
7343872893530459398,3,0,Tech_enthusiast,Tech_enthusiast,original sound,52
7343872743479266565,10,1,Tech_enthusiast,Tech_enthusiast,original sound,37
7343435944684424454,10,0,Tech_enthusiast,AIGlamGirls,original sound,55
7339922258590256389,9,1,Tech_enthusiast,â—„â™¦â—Šğºğ‘‚Ù†ğ·ÃƒÙ„ğŸ”¥â—Šâ™¦â–º,original sound,65
7339914408425966854,5,0,Tech_enthusiast,HOW USMANğŸ‘‘,original sound,62
7339910672819440902,5,0,Tech_enthusiast,Ø´Ø§Ø²ÛŒ Ú¯ÙˆÙ†Ø¯Ù„â™¥ï¸ğŸ‘‘,original sound,71
7339037862341446917,4,0,Tech_enthusiast,Tahir_no.1,original sound,84
7338984331567779077,6,0,Tech_enthusiast,PROFESSOR ğŸ§‘â€ğŸ«,original sound,83
7338667515284884742,8,0,Tech_enthusiast,ğŸ‡¨ğŸ‡¦ğŸ‘‘ king khan ğŸ‡¨ğŸ‡¦ğŸ‡µğŸ‡°,original sound,69
7338649079607479557,4,0,Tech_enthusiast,ğ—­ ğ—” ğ—¶ ğ—¡ ğŸ–¤,original sound,54
7326789430189034757,6,0,Tech_enthusiast,"ğŸŒ¹Noor, hania90ğŸŒ¹",original sound,52
7319662528437472517,5,0,Tech_enthusiast,Manwa Sisters âœ…,original sound,60
7319337856541920517,1,0,Tech_enthusiast,,,69
7318379330214612229,1,0,Tech_enthusiast,Tech_enthusiast,original sound,57
7318367925352664326,9,1,Tech_enthusiast,Tech_enthusiast,original sound,49
7317217434421710086,0,1,Tech_enthusiast,ğŸ€ğŸ‡§á´€á´¢_ğŸ‡ªá´…Éªá´›á´¢ğŸ€,original sound,95
7316716976905129222,7,0,Tech_enthusiast,ğŸ€ğŸ‡§á´€á´¢_ğŸ‡ªá´…Éªá´›á´¢ğŸ€,original sound,82
7527856080425110791,0,0,UNI TECH PH,UNI TECH PH,original sound - UNI TECH PH,1
7527850897179675912,0,0,UNI TECH PH,UNI TECH PH,original sound - UNI TECH PH,2
7527660125897641224,0,0,UNI TECH PH,UNI TECH PH,original sound - UNI TECH PH,2
7527656678276320530,0,0,UNI TECH PH,xxtristanxo,love on the brain sped up,0
7527175688235814151,0,0,UNI TECH PH,UNI TECH PH,original sound - UNI TECH PH,3
7527173701066902802,0,2,UNI TECH PH,UNI TECH PH,original sound - UNI TECH PH,2
7526076512290753799,0,0,UNI TECH PH,ğ—ğ—ğˆ ğƒğ¡ğšğ§ğ§,original sound - ğŸ‘ğŸğŸ‘ ğƒğ¡ğšğ§ğ§,6
7526075001750015250,0,0,UNI TECH PH,NikkoDAKS,original sound - NikkoDAKS,2
7525770407433997586,0,0,UNI TECH PH,UNI TECH PH,original sound - UNI TECH PH,2
7525761804316822791,0,0,UNI TECH PH,DEAMN,Mermaids,0
7525673731377679623,1,0,UNI TECH PH,VybzEntertainer,Rockbye,2
7525668270473481479,0,0,UNI TECH PH,Amanda AraÃºjo,Remix my humps,4
7525299197755591954,0,0,UNI TECH PH,Official Sound Studio,Fire,2
7525282747875675400,0,0,UNI TECH PH,â­ï¸ğ’¢ğ’¶ğ’·ğ“ˆ â­ï¸,NIGHTS LIKE THIS x TOUCH MY BODY DCyurgurlgabbie,1
7525058388435160328,0,0,UNI TECH PH,Ysabelle Cuevas,original sound,3
7524690332311653640,2,0,UNI TECH PH,CLONER ğŸ’™ğŸ’™,original sound - CLONER ğŸ’™ğŸ’™,5
7524296033514343698,1,0,UNI TECH PH,FERXXO ğŸ’š CC Miusic ğŸ˜,sonido original,8
7522386135180414216,0,0,UNI TECH PH,CLOUDEE,Cute,16
7522382887249874183,1,0,UNI TECH PH,PONCHET,à¸à¸µà¹ˆà¸Šà¸­à¸šà¸«à¸™à¸¹à¸—à¸µà¹ˆà¸ªà¸¸à¸”à¹€à¸¥à¸¢ (Speed Up),6
7522071340384505106,0,0,UNI TECH PH,Akon,Akon's Beautiful Day,2
7520198620025572616,0,1,UNI TECH PH,jbsmusic,sonido original,11
7520198195876531463,0,0,UNI TECH PH,DJ Ann CC,original sound - JonelSagaynoRemixğŸ‡µğŸ‡­,6
7520197996382833927,0,1,UNI TECH PH,CLONER ğŸ’™ğŸ’™,original sound - CLONER ğŸ’™ğŸ’™,25
7520130284969282824,0,4,UNI TECH PH,Mark Anthony EdaÃ±o,original sound - Mark Anthony EdaÃ±o,26
7520129882244812050,0,1,UNI TECH PH,R-LO,original sound,8
7520129514014297352,0,0,UNI TECH PH,Shireez,Miss Flawless,2
7519831131483557127,0,1,UNI TECH PH,conradrocha,GREEDY x TREASURE,5
7519830738582162706,0,0,UNI TECH PH,JEREEE,JEREEE Remix,1
7519830266110545160,0,0,UNI TECH PH,^ğ•¯ğ–Šğ–‘ğ–šğ–“ğ–†^,Dancin in Madela by Luuca Savi,5
7519829822713924871,0,0,UNI TECH PH,favmusicvibes,be with you,2
7519829409063308551,0,0,UNI TECH PH,FERXXO ğŸ’š CC Miusic ğŸ˜,sonido original,3
7519828756756827399,0,0,UNI TECH PH,#1 nicki defender,super freaky girl nicki minaj out now,1
7519744611728887048,0,0,UNI TECH PH,v.,typa girl,1
7519743253709737224,0,0,UNI TECH PH,Bandido ğŸ¥·ğŸ¼,sonido original,2
7519742923236445458,0,1,UNI TECH PH,Slim 199x,original sound,2
7459964171329801504,7,0,Tech enthusiast,SUNNY HOOD STUDIO,Latin guitar/Western music/Video/Light/Commercial(1408961),21
7459491157744143649,4,0,Tech enthusiast,Jkaz38,original sound,6
7459415078845156640,5,0,Tech enthusiast,Tech enthusiast,original sound,20
